id,filename
0,0here.wav
1,1here.wav
2,2here.wav
3,3here.wav
4,4here.wav
5,5here.wav
6,6here.wav
7,7here.wav
8,8here.wav
9,9here.wav
10,10here.wav
11,11here.wav
12,12here.wav
13,13here.wav
14,14here.wav
15,15here.wav
16,16here.wav
17,17here.wav
18,18here.wav
19,19here.wav
20,20here.wav
21,21here.wav
22,22here.wav
23,23here.wav
24,24here.wav
25,25here.wav
26,26here.wav
27,27here.wav
28,28here.wav
29,29here.wav
30,30here.wav
31,31here.wav
32,32here.wav
33,33here.wav
34,34here.wav
35,35here.wav
36,36here.wav
37,37here.wav
38,38here.wav
39,39here.wav
40,40here.wav
41,41here.wav
42,42here.wav
43,43here.wav
44,44here.wav
45,45here.wav
46,46here.wav
47,47here.wav
48,48here.wav
49,49here.wav
50,50here.wav
51,51here.wav
52,52here.wav
53,53here.wav
54,54here.wav
55,55here.wav
56,56here.wav
57,57here.wav
58,58here.wav
59,59here.wav
60,60here.wav
61,61here.wav
62,62here.wav
63,63here.wav
64,64here.wav
65,65here.wav
66,66here.wav
67,67here.wav
68,68here.wav
69,69here.wav
70,70here.wav
71,71here.wav
72,72here.wav
73,73here.wav
74,74here.wav
75,75here.wav
76,76here.wav
77,77here.wav
78,78here.wav
79,79here.wav
80,80here.wav
81,81here.wav
82,82here.wav
83,83here.wav
84,84here.wav
85,85here.wav
86,86here.wav
87,87here.wav
88,88here.wav
89,89here.wav
90,90here.wav
91,91here.wav
92,92here.wav
93,93here.wav
94,94here.wav
95,95here.wav
96,96here.wav
97,97here.wav
98,98here.wav
99,99here.wav
100,100here.wav
101,101here.wav
102,102here.wav
103,103here.wav
104,104here.wav
105,105here.wav
106,106here.wav
107,107here.wav
108,108here.wav
109,109here.wav
110,110here.wav
111,111here.wav
112,112here.wav
113,113here.wav
114,114here.wav
115,115here.wav
116,116here.wav
117,117here.wav
118,118here.wav
119,119here.wav
120,120here.wav
121,121here.wav
122,122here.wav
123,123here.wav
124,124here.wav
125,125here.wav
126,126here.wav
127,127here.wav
128,128here.wav
129,129here.wav
130,130here.wav
131,131here.wav
132,132here.wav
133,133here.wav
134,134here.wav
135,135here.wav
136,136here.wav
137,137here.wav
138,138here.wav
139,139here.wav
140,140here.wav
141,141here.wav
142,142here.wav
143,143here.wav
144,144here.wav
145,145here.wav
146,146here.wav
147,147here.wav
148,148here.wav
149,149here.wav
150,150here.wav
151,151here.wav
152,152here.wav
153,153here.wav
154,154here.wav
155,155here.wav
156,156here.wav
157,157here.wav
158,158here.wav
159,159here.wav
160,160here.wav
161,161here.wav
162,162here.wav
163,163here.wav
164,164here.wav
165,165here.wav
166,166here.wav
167,167here.wav
168,168here.wav
169,169here.wav
170,170here.wav
171,171here.wav
172,172here.wav
173,173here.wav
174,174here.wav
175,175here.wav
176,176here.wav
177,177here.wav
178,178here.wav
179,179here.wav
180,180here.wav
181,181here.wav
182,182here.wav
183,183here.wav
184,184here.wav
185,185here.wav
186,186here.wav
187,187here.wav
188,188here.wav
189,189here.wav
190,190here.wav
191,191here.wav
192,192here.wav
193,193here.wav
194,194here.wav
195,195here.wav
196,196here.wav
197,197here.wav
198,198here.wav
199,199here.wav
200,200here.wav
201,201here.wav
202,202here.wav
203,203here.wav
204,204here.wav
205,205here.wav
206,206here.wav
207,207here.wav
208,208here.wav
209,209here.wav
210,210here.wav
211,211here.wav
212,212here.wav
213,213here.wav
214,214here.wav
215,215here.wav
216,216here.wav
217,217here.wav
218,218here.wav
219,219here.wav
220,220here.wav
221,221here.wav
222,222here.wav
223,223here.wav
224,224here.wav
225,225here.wav
226,226here.wav
227,227here.wav
228,228here.wav
229,229here.wav
230,230here.wav
231,231here.wav
232,232here.wav
233,233here.wav
234,234here.wav
235,235here.wav
236,236here.wav
237,237here.wav
238,238here.wav
239,239here.wav
240,240here.wav
241,241here.wav
242,242here.wav
243,243here.wav
244,244here.wav
245,245here.wav
246,246here.wav
247,247here.wav
248,248here.wav
249,249here.wav
250,250here.wav
251,251here.wav
252,252here.wav
253,253here.wav
254,254here.wav
255,255here.wav
256,256here.wav
257,257here.wav
258,258here.wav
259,259here.wav
260,260here.wav
261,261here.wav
262,262here.wav
263,263here.wav
264,264here.wav
265,265here.wav
266,266here.wav
267,267here.wav
268,268here.wav
269,269here.wav
270,270here.wav
271,271here.wav
272,272here.wav
273,273here.wav
274,274here.wav
275,275here.wav
276,276here.wav
277,277here.wav
278,278here.wav
279,279here.wav
280,280here.wav
281,281here.wav
282,282here.wav
283,283here.wav
284,284here.wav
285,285here.wav
286,286here.wav
287,287here.wav
288,288here.wav
289,289here.wav
290,290here.wav
291,291here.wav
292,292here.wav
293,293here.wav
294,294here.wav
295,295here.wav
296,296here.wav
297,297here.wav
298,298here.wav
299,299here.wav
300,300here.wav
301,301here.wav
302,302here.wav
303,303here.wav
304,304here.wav
305,305here.wav
306,306here.wav
307,307here.wav
308,308here.wav
309,309here.wav
310,310here.wav
311,311here.wav
312,312here.wav
313,313here.wav
314,314here.wav
315,315here.wav
316,316here.wav
317,317here.wav
318,318here.wav
319,319here.wav
320,320here.wav
321,321here.wav
322,322here.wav
323,323here.wav
324,324here.wav
325,325here.wav
326,326here.wav
327,327here.wav
328,328here.wav
329,329here.wav
330,330here.wav
331,331here.wav
332,332here.wav
333,333here.wav
334,334here.wav
335,335here.wav
336,336here.wav
337,337here.wav
338,338here.wav
339,339here.wav
340,340here.wav
341,341here.wav
342,342here.wav
343,343here.wav
344,344here.wav
345,345here.wav
346,346here.wav
347,347here.wav
348,348here.wav
349,349here.wav
350,350here.wav
351,351here.wav
352,352here.wav
353,353here.wav
354,354here.wav
355,355here.wav
356,356here.wav
357,357here.wav
358,358here.wav
359,359here.wav
360,360here.wav
361,361here.wav
362,362here.wav
363,363here.wav
364,364here.wav
365,365here.wav
366,366here.wav
367,367here.wav
368,368here.wav
369,369here.wav
370,370here.wav
371,371here.wav
372,372here.wav
373,373here.wav
374,374here.wav
375,375here.wav
376,376here.wav
377,377here.wav
378,378here.wav
379,379here.wav
380,380here.wav
381,381here.wav
382,382here.wav
383,383here.wav
384,384here.wav
385,385here.wav
386,386here.wav
387,387here.wav
388,388here.wav
389,389here.wav
390,390here.wav
391,391here.wav
392,392here.wav
393,393here.wav
394,394here.wav
395,395here.wav
396,396here.wav
397,397here.wav
398,398here.wav
399,399here.wav
400,400here.wav
401,401here.wav
402,402here.wav
403,403here.wav
404,404here.wav
405,405here.wav
406,406here.wav
407,407here.wav
408,408here.wav
409,409here.wav
410,410here.wav
411,411here.wav
412,412here.wav
413,413here.wav
414,414here.wav
415,415here.wav
416,416here.wav
417,417here.wav
418,418here.wav
419,419here.wav
420,420here.wav
421,421here.wav
422,422here.wav
423,423here.wav
424,424here.wav
425,425here.wav
426,426here.wav
427,427here.wav
428,428here.wav
429,429here.wav
430,430here.wav
431,431here.wav
432,432here.wav
433,433here.wav
434,434here.wav
435,435here.wav
436,436here.wav
437,437here.wav
438,438here.wav
439,439here.wav
440,440here.wav
441,441here.wav
442,442here.wav
443,443here.wav
444,444here.wav
445,445here.wav
446,446here.wav
447,447here.wav
448,448here.wav
449,449here.wav
450,450here.wav
451,451here.wav
452,452here.wav
453,453here.wav
454,454here.wav
455,455here.wav
456,456here.wav
457,457here.wav
458,458here.wav
459,459here.wav
460,460here.wav
461,461here.wav
462,462here.wav
463,463here.wav
464,464here.wav
465,465here.wav
466,466here.wav
467,467here.wav
468,468here.wav
469,469here.wav
470,470here.wav
471,471here.wav
472,472here.wav
473,473here.wav
474,474here.wav
475,475here.wav
476,476here.wav
477,477here.wav
478,478here.wav
479,479here.wav
480,480here.wav
481,481here.wav
482,482here.wav
483,483here.wav
484,484here.wav
485,485here.wav
486,486here.wav
487,487here.wav
488,488here.wav
489,489here.wav
490,490here.wav
491,491here.wav
492,492here.wav
493,493here.wav
494,494here.wav
495,495here.wav
496,496here.wav
497,497here.wav
498,498here.wav
499,499here.wav
500,500here.wav
501,501here.wav
502,502here.wav
503,503here.wav
504,504here.wav
505,505here.wav
506,506here.wav
507,507here.wav
508,508here.wav
509,509here.wav
510,510here.wav
511,511here.wav
512,512here.wav
513,513here.wav
514,514here.wav
515,515here.wav
516,516here.wav
517,517here.wav
518,518here.wav
519,519here.wav
520,520here.wav
521,521here.wav
522,522here.wav
523,523here.wav
524,524here.wav
525,525here.wav
526,526here.wav
527,527here.wav
528,528here.wav
529,529here.wav
530,530here.wav
531,531here.wav
532,532here.wav
533,533here.wav
534,534here.wav
535,535here.wav
536,536here.wav
537,537here.wav
538,538here.wav
539,539here.wav
540,540here.wav
541,541here.wav
542,542here.wav
543,543here.wav
544,544here.wav
545,545here.wav
546,546here.wav
547,547here.wav
548,548here.wav
549,549here.wav
550,550here.wav
551,551here.wav
552,552here.wav
553,553here.wav
554,554here.wav
555,555here.wav
556,556here.wav
557,557here.wav
558,558here.wav
559,559here.wav
560,560here.wav
561,561here.wav
562,562here.wav
563,563here.wav
564,564here.wav
565,565here.wav
566,566here.wav
567,567here.wav
568,568here.wav
569,569here.wav
570,570here.wav
571,571here.wav
572,572here.wav
573,573here.wav
574,574here.wav
575,575here.wav
576,576here.wav
577,577here.wav
578,578here.wav
579,579here.wav
580,580here.wav
581,581here.wav
582,582here.wav
583,583here.wav
584,584here.wav
585,585here.wav
586,586here.wav
587,587here.wav
588,588here.wav
589,589here.wav
590,590here.wav
591,591here.wav
592,592here.wav
593,593here.wav
594,594here.wav
595,595here.wav
596,596here.wav
597,597here.wav
598,598here.wav
599,599here.wav
600,600here.wav
601,601here.wav
602,602here.wav
603,603here.wav
604,604here.wav
605,605here.wav
606,606here.wav
607,607here.wav
608,608here.wav
609,609here.wav
610,610here.wav
611,611here.wav
612,612here.wav
613,613here.wav
614,614here.wav
615,615here.wav
616,616here.wav
617,617here.wav
618,618here.wav
619,619here.wav
620,620here.wav
621,621here.wav
622,622here.wav
623,623here.wav
624,624here.wav
625,625here.wav
626,626here.wav
627,627here.wav
628,628here.wav
629,629here.wav
630,630here.wav
631,631here.wav
632,632here.wav
633,633here.wav
634,634here.wav
635,635here.wav
636,636here.wav
637,637here.wav
638,638here.wav
639,639here.wav
640,640here.wav
641,641here.wav
642,642here.wav
643,643here.wav
644,644here.wav
645,645here.wav
646,646here.wav
647,647here.wav
648,648here.wav
649,649here.wav
650,650here.wav
651,651here.wav
652,652here.wav
653,653here.wav
654,654here.wav
655,655here.wav
656,656here.wav
657,657here.wav
658,658here.wav
659,659here.wav
660,660here.wav
661,661here.wav
662,662here.wav
663,663here.wav
664,664here.wav
665,665here.wav
666,666here.wav
667,667here.wav
668,668here.wav
669,669here.wav
670,670here.wav
671,671here.wav
672,672here.wav
673,673here.wav
674,674here.wav
675,675here.wav
676,676here.wav
677,677here.wav
678,678here.wav
679,679here.wav
680,680here.wav
681,681here.wav
682,682here.wav
683,683here.wav
684,684here.wav
685,685here.wav
686,686here.wav
687,687here.wav
688,688here.wav
689,689here.wav
690,690here.wav
691,691here.wav
692,692here.wav
693,693here.wav
694,694here.wav
695,695here.wav
696,696here.wav
697,697here.wav
698,698here.wav
699,699here.wav
700,700here.wav
701,701here.wav
702,702here.wav
703,703here.wav
704,704here.wav
705,705here.wav
706,706here.wav
707,707here.wav
708,708here.wav
709,709here.wav
710,710here.wav
711,711here.wav
712,712here.wav
713,713here.wav
714,714here.wav
715,715here.wav
716,716here.wav
717,717here.wav
718,718here.wav
719,719here.wav
720,720here.wav
721,721here.wav
722,722here.wav
723,723here.wav
724,724here.wav
725,725here.wav
726,726here.wav
727,727here.wav
728,728here.wav
729,729here.wav
730,730here.wav
731,731here.wav
732,732here.wav
733,733here.wav
734,734here.wav
735,735here.wav
736,736here.wav
737,737here.wav
738,738here.wav
739,739here.wav
740,740here.wav
741,741here.wav
742,742here.wav
743,743here.wav
744,744here.wav
745,745here.wav
746,746here.wav
747,747here.wav
748,748here.wav
749,749here.wav
750,750here.wav
751,751here.wav
752,752here.wav
753,753here.wav
754,754here.wav
755,755here.wav
756,756here.wav
757,757here.wav
758,758here.wav
759,759here.wav
760,760here.wav
761,761here.wav
762,762here.wav
763,763here.wav
764,764here.wav
765,765here.wav
766,766here.wav
767,767here.wav
768,768here.wav
769,769here.wav
770,770here.wav
771,771here.wav
772,772here.wav
773,773here.wav
774,774here.wav
775,775here.wav
776,776here.wav
777,777here.wav
778,778here.wav
779,779here.wav
780,780here.wav
781,781here.wav
782,782here.wav
783,783here.wav
784,784here.wav
785,785here.wav
786,786here.wav
787,787here.wav
788,788here.wav
789,789here.wav
790,790here.wav
791,791here.wav
792,792here.wav
793,793here.wav
794,794here.wav
795,795here.wav
796,796here.wav
797,797here.wav
798,798here.wav
799,799here.wav
800,800here.wav
801,801here.wav
802,802here.wav
803,803here.wav
804,804here.wav
805,805here.wav
806,806here.wav
807,807here.wav
808,808here.wav
809,809here.wav
810,810here.wav
811,811here.wav
812,812here.wav
813,813here.wav
814,814here.wav
815,815here.wav
816,816here.wav
817,817here.wav
818,818here.wav
819,819here.wav
820,820here.wav
821,821here.wav
822,822here.wav
823,823here.wav
824,824here.wav
825,825here.wav
826,826here.wav
827,827here.wav
828,828here.wav
829,829here.wav
830,830here.wav
831,831here.wav
832,832here.wav
833,833here.wav
834,834here.wav
835,835here.wav
836,836here.wav
837,837here.wav
838,838here.wav
839,839here.wav
840,840here.wav
841,841here.wav
842,842here.wav
843,843here.wav
844,844here.wav
845,845here.wav
846,846here.wav
847,847here.wav
848,848here.wav
849,849here.wav
850,850here.wav
851,851here.wav
852,852here.wav
853,853here.wav
854,854here.wav
855,855here.wav
856,856here.wav
857,857here.wav
858,858here.wav
859,859here.wav
860,860here.wav
861,861here.wav
862,862here.wav
863,863here.wav
864,864here.wav
865,865here.wav
866,866here.wav
867,867here.wav
868,868here.wav
869,869here.wav
870,870here.wav
871,871here.wav
872,872here.wav
873,873here.wav
874,874here.wav
875,875here.wav
876,876here.wav
877,877here.wav
878,878here.wav
879,879here.wav
880,880here.wav
881,881here.wav
882,882here.wav
883,883here.wav
884,884here.wav
885,885here.wav
886,886here.wav
887,887here.wav
888,888here.wav
889,889here.wav
890,890here.wav
891,891here.wav
892,892here.wav
893,893here.wav
894,894here.wav
895,895here.wav
896,896here.wav
897,897here.wav
898,898here.wav
899,899here.wav
900,900here.wav
901,901here.wav
902,902here.wav
903,903here.wav
904,904here.wav
905,905here.wav
906,906here.wav
907,907here.wav
908,908here.wav
909,909here.wav
910,910here.wav
911,911here.wav
912,912here.wav
913,913here.wav
914,914here.wav
915,915here.wav
916,916here.wav
917,917here.wav
918,918here.wav
919,919here.wav
920,920here.wav
921,921here.wav
922,922here.wav
923,923here.wav
924,924here.wav
925,925here.wav
926,926here.wav
927,927here.wav
928,928here.wav
929,929here.wav
930,930here.wav
931,931here.wav
932,932here.wav
933,933here.wav
934,934here.wav
935,935here.wav
936,936here.wav
937,937here.wav
938,938here.wav
939,939here.wav
940,940here.wav
941,941here.wav
942,942here.wav
943,943here.wav
944,944here.wav
945,945here.wav
946,946here.wav
947,947here.wav
948,948here.wav
949,949here.wav
950,950here.wav
951,951here.wav
952,952here.wav
953,953here.wav
954,954here.wav
955,955here.wav
956,956here.wav
957,957here.wav
958,958here.wav
959,959here.wav
960,960here.wav
961,961here.wav
962,962here.wav
963,963here.wav
964,964here.wav
965,965here.wav
966,966here.wav
967,967here.wav
968,968here.wav
969,969here.wav
970,970here.wav
971,971here.wav
972,972here.wav
973,973here.wav
974,974here.wav
975,975here.wav
976,976here.wav
977,977here.wav
978,978here.wav
979,979here.wav
980,980here.wav
981,981here.wav
982,982here.wav
983,983here.wav
984,984here.wav
985,985here.wav
986,986here.wav
987,987here.wav
988,988here.wav
989,989here.wav
990,990here.wav
991,991here.wav
992,992here.wav
993,993here.wav
994,994here.wav
995,995here.wav
996,996here.wav
997,997here.wav
998,998here.wav
999,999here.wav
1000,1000here.wav
1001,1001here.wav
1002,1002here.wav
1003,1003here.wav
1004,1004here.wav
1005,1005here.wav
1006,1006here.wav
1007,1007here.wav
1008,1008here.wav
1009,1009here.wav
1010,1010here.wav
1011,1011here.wav
1012,1012here.wav
1013,1013here.wav
1014,1014here.wav
1015,1015here.wav
1016,1016here.wav
1017,1017here.wav
1018,1018here.wav
1019,1019here.wav
1020,1020here.wav
1021,1021here.wav
1022,1022here.wav
1023,1023here.wav
1024,1024here.wav
1025,1025here.wav
1026,1026here.wav
1027,1027here.wav
1028,1028here.wav
1029,1029here.wav
1030,1030here.wav
1031,1031here.wav
1032,1032here.wav
1033,1033here.wav
1034,1034here.wav
1035,1035here.wav
1036,1036here.wav
1037,1037here.wav
1038,1038here.wav
1039,1039here.wav
1040,1040here.wav
1041,1041here.wav
1042,1042here.wav
1043,1043here.wav
1044,1044here.wav
1045,1045here.wav
1046,1046here.wav
1047,1047here.wav
1048,1048here.wav
1049,1049here.wav
1050,1050here.wav
1051,1051here.wav
1052,1052here.wav
1053,1053here.wav
1054,1054here.wav
1055,1055here.wav
1056,1056here.wav
1057,1057here.wav
1058,1058here.wav
1059,1059here.wav
1060,1060here.wav
1061,1061here.wav
1062,1062here.wav
1063,1063here.wav
1064,1064here.wav
1065,1065here.wav
1066,1066here.wav
1067,1067here.wav
1068,1068here.wav
1069,1069here.wav
1070,1070here.wav
1071,1071here.wav
1072,1072here.wav
1073,1073here.wav
1074,1074here.wav
1075,1075here.wav
1076,1076here.wav
1077,1077here.wav
1078,1078here.wav
1079,1079here.wav
1080,1080here.wav
1081,1081here.wav
1082,1082here.wav
1083,1083here.wav
1084,1084here.wav
1085,1085here.wav
1086,1086here.wav
1087,1087here.wav
1088,1088here.wav
1089,1089here.wav
1090,1090here.wav
1091,1091here.wav
1092,1092here.wav
1093,1093here.wav
1094,1094here.wav
1095,1095here.wav
1096,1096here.wav
1097,1097here.wav
1098,1098here.wav
1099,1099here.wav
1100,1100here.wav
1101,1101here.wav
1102,1102here.wav
1103,1103here.wav
1104,1104here.wav
1105,1105here.wav
1106,1106here.wav
1107,1107here.wav
1108,1108here.wav
1109,1109here.wav
1110,1110here.wav
1111,1111here.wav
1112,1112here.wav
1113,1113here.wav
1114,1114here.wav
1115,1115here.wav
1116,1116here.wav
1117,1117here.wav
1118,1118here.wav
1119,1119here.wav
1120,1120here.wav
1121,1121here.wav
1122,1122here.wav
1123,1123here.wav
1124,1124here.wav
1125,1125here.wav
1126,1126here.wav
1127,1127here.wav
1128,1128here.wav
1129,1129here.wav
1130,1130here.wav
1131,1131here.wav
1132,1132here.wav
1133,1133here.wav
1134,1134here.wav
1135,1135here.wav
1136,1136here.wav
1137,1137here.wav
1138,1138here.wav
1139,1139here.wav
1140,1140here.wav
1141,1141here.wav
1142,1142here.wav
1143,1143here.wav
1144,1144here.wav
1145,1145here.wav
1146,1146here.wav
1147,1147here.wav
1148,1148here.wav
1149,1149here.wav
1150,1150here.wav
1151,1151here.wav
1152,1152here.wav
1153,1153here.wav
1154,1154here.wav
1155,1155here.wav
1156,1156here.wav
1157,1157here.wav
1158,1158here.wav
1159,1159here.wav
1160,1160here.wav
1161,1161here.wav
1162,1162here.wav
1163,1163here.wav
1164,1164here.wav
1165,1165here.wav
1166,1166here.wav
1167,1167here.wav
1168,1168here.wav
1169,1169here.wav
1170,1170here.wav
1171,1171here.wav
1172,1172here.wav
1173,1173here.wav
1174,1174here.wav
1175,1175here.wav
1176,1176here.wav
1177,1177here.wav
1178,1178here.wav
1179,1179here.wav
1180,1180here.wav
1181,1181here.wav
1182,1182here.wav
1183,1183here.wav
1184,1184here.wav
1185,1185here.wav
1186,1186here.wav
1187,1187here.wav
1188,1188here.wav
1189,1189here.wav
1190,1190here.wav
1191,1191here.wav
1192,1192here.wav
1193,1193here.wav
1194,1194here.wav
1195,1195here.wav
1196,1196here.wav
1197,1197here.wav
1198,1198here.wav
1199,1199here.wav
1200,1200here.wav
1201,1201here.wav
1202,1202here.wav
1203,1203here.wav
1204,1204here.wav
1205,1205here.wav
1206,1206here.wav
1207,1207here.wav
1208,1208here.wav
1209,1209here.wav
1210,1210here.wav
1211,1211here.wav
1212,1212here.wav
1213,1213here.wav
1214,1214here.wav
1215,1215here.wav
1216,1216here.wav
1217,1217here.wav
1218,1218here.wav
1219,1219here.wav
1220,1220here.wav
1221,1221here.wav
1222,1222here.wav
1223,1223here.wav
1224,1224here.wav
1225,1225here.wav
1226,1226here.wav
1227,1227here.wav
1228,1228here.wav
1229,1229here.wav
1230,1230here.wav
1231,1231here.wav
1232,1232here.wav
1233,1233here.wav
1234,1234here.wav
1235,1235here.wav
1236,1236here.wav
1237,1237here.wav
1238,1238here.wav
1239,1239here.wav
1240,1240here.wav
1241,1241here.wav
1242,1242here.wav
1243,1243here.wav
1244,1244here.wav
1245,1245here.wav
1246,1246here.wav
1247,1247here.wav
1248,1248here.wav
1249,1249here.wav
1250,1250here.wav
1251,1251here.wav
1252,1252here.wav
1253,1253here.wav
1254,1254here.wav
1255,1255here.wav
1256,1256here.wav
1257,1257here.wav
1258,1258here.wav
1259,1259here.wav
1260,1260here.wav
1261,1261here.wav
1262,1262here.wav
1263,1263here.wav
1264,1264here.wav
1265,1265here.wav
1266,1266here.wav
1267,1267here.wav
1268,1268here.wav
1269,1269here.wav
1270,1270here.wav
1271,1271here.wav
1272,1272here.wav
1273,1273here.wav
1274,1274here.wav
1275,1275here.wav
1276,1276here.wav
1277,1277here.wav
1278,1278here.wav
1279,1279here.wav
1280,1280here.wav
1281,1281here.wav
1282,1282here.wav
1283,1283here.wav
1284,1284here.wav
1285,1285here.wav
1286,1286here.wav
1287,1287here.wav
1288,1288here.wav
1289,1289here.wav
1290,1290here.wav
1291,1291here.wav
1292,1292here.wav
1293,1293here.wav
1294,1294here.wav
1295,1295here.wav
1296,1296here.wav
1297,1297here.wav
1298,1298here.wav
1299,1299here.wav
1300,1300here.wav
1301,1301here.wav
1302,1302here.wav
1303,1303here.wav
1304,1304here.wav
1305,1305here.wav
1306,1306here.wav
1307,1307here.wav
1308,1308here.wav
1309,1309here.wav
1310,1310here.wav
1311,1311here.wav
1312,1312here.wav
1313,1313here.wav
1314,1314here.wav
1315,1315here.wav
1316,1316here.wav
1317,1317here.wav
1318,1318here.wav
1319,1319here.wav
1320,1320here.wav
1321,1321here.wav
1322,1322here.wav
1323,1323here.wav
1324,1324here.wav
1325,1325here.wav
1326,1326here.wav
1327,1327here.wav
1328,1328here.wav
1329,1329here.wav
1330,1330here.wav
1331,1331here.wav
1332,1332here.wav
1333,1333here.wav
1334,1334here.wav
1335,1335here.wav
1336,1336here.wav
1337,1337here.wav
1338,1338here.wav
1339,1339here.wav
1340,1340here.wav
1341,1341here.wav
1342,1342here.wav
1343,1343here.wav
1344,1344here.wav
1345,1345here.wav
1346,1346here.wav
1347,1347here.wav
1348,1348here.wav
1349,1349here.wav
1350,1350here.wav
1351,1351here.wav
1352,1352here.wav
1353,1353here.wav
1354,1354here.wav
1355,1355here.wav
1356,1356here.wav
1357,1357here.wav
1358,1358here.wav
1359,1359here.wav
1360,1360here.wav
1361,1361here.wav
1362,1362here.wav
1363,1363here.wav
1364,1364here.wav
1365,1365here.wav
1366,1366here.wav
1367,1367here.wav
1368,1368here.wav
1369,1369here.wav
1370,1370here.wav
1371,1371here.wav
1372,1372here.wav
1373,1373here.wav
1374,1374here.wav
1375,1375here.wav
1376,1376here.wav
1377,1377here.wav
1378,1378here.wav
1379,1379here.wav
1380,1380here.wav
1381,1381here.wav
1382,1382here.wav
1383,1383here.wav
1384,1384here.wav
1385,1385here.wav
1386,1386here.wav
1387,1387here.wav
1388,1388here.wav
1389,1389here.wav
1390,1390here.wav
1391,1391here.wav
1392,1392here.wav
1393,1393here.wav
1394,1394here.wav
1395,1395here.wav
1396,1396here.wav
1397,1397here.wav
1398,1398here.wav
1399,1399here.wav
1400,1400here.wav
1401,1401here.wav
1402,1402here.wav
1403,1403here.wav
1404,1404here.wav
1405,1405here.wav
1406,1406here.wav
1407,1407here.wav
1408,1408here.wav
1409,1409here.wav
1410,1410here.wav
1411,1411here.wav
1412,1412here.wav
1413,1413here.wav
1414,1414here.wav
1415,1415here.wav
1416,1416here.wav
1417,1417here.wav
1418,1418here.wav
1419,1419here.wav
1420,1420here.wav
1421,1421here.wav
1422,1422here.wav
1423,1423here.wav
1424,1424here.wav
1425,1425here.wav
1426,1426here.wav
1427,1427here.wav
1428,1428here.wav
1429,1429here.wav
1430,1430here.wav
1431,1431here.wav
1432,1432here.wav
1433,1433here.wav
1434,1434here.wav
1435,1435here.wav
1436,1436here.wav
1437,1437here.wav
1438,1438here.wav
1439,1439here.wav
1440,1440here.wav
1441,1441here.wav
1442,1442here.wav
1443,1443here.wav
1444,1444here.wav
1445,1445here.wav
1446,1446here.wav
1447,1447here.wav
1448,1448here.wav
1449,1449here.wav
1450,1450here.wav
1451,1451here.wav
1452,1452here.wav
1453,1453here.wav
1454,1454here.wav
1455,1455here.wav
1456,1456here.wav
1457,1457here.wav
1458,1458here.wav
1459,1459here.wav
1460,1460here.wav
1461,1461here.wav
1462,1462here.wav
1463,1463here.wav
1464,1464here.wav
1465,1465here.wav
1466,1466here.wav
1467,1467here.wav
1468,1468here.wav
1469,1469here.wav
1470,1470here.wav
1471,1471here.wav
1472,1472here.wav
1473,1473here.wav
1474,1474here.wav
1475,1475here.wav
1476,1476here.wav
1477,1477here.wav
1478,1478here.wav
1479,1479here.wav
1480,1480here.wav
1481,1481here.wav
1482,1482here.wav
1483,1483here.wav
1484,1484here.wav
1485,1485here.wav
1486,1486here.wav
1487,1487here.wav
1488,1488here.wav
1489,1489here.wav
1490,1490here.wav
1491,1491here.wav
1492,1492here.wav
1493,1493here.wav
1494,1494here.wav
1495,1495here.wav
1496,1496here.wav
1497,1497here.wav
1498,1498here.wav
1499,1499here.wav
1500,1500here.wav
1501,1501here.wav
1502,1502here.wav
1503,1503here.wav
1504,1504here.wav
1505,1505here.wav
1506,1506here.wav
1507,1507here.wav
1508,1508here.wav
1509,1509here.wav
1510,1510here.wav
1511,1511here.wav
1512,1512here.wav
1513,1513here.wav
1514,1514here.wav
1515,1515here.wav
1516,1516here.wav
1517,1517here.wav
1518,1518here.wav
1519,1519here.wav
1520,1520here.wav
1521,1521here.wav
1522,1522here.wav
1523,1523here.wav
1524,1524here.wav
1525,1525here.wav
1526,1526here.wav
1527,1527here.wav
1528,1528here.wav
1529,1529here.wav
1530,1530here.wav
1531,1531here.wav
1532,1532here.wav
1533,1533here.wav
1534,1534here.wav
1535,1535here.wav
1536,1536here.wav
1537,1537here.wav
1538,1538here.wav
1539,1539here.wav
1540,1540here.wav
1541,1541here.wav
1542,1542here.wav
1543,1543here.wav
1544,1544here.wav
1545,1545here.wav
1546,1546here.wav
1547,1547here.wav
1548,1548here.wav
1549,1549here.wav
1550,1550here.wav
1551,1551here.wav
1552,1552here.wav
1553,1553here.wav
1554,1554here.wav
1555,1555here.wav
1556,1556here.wav
1557,1557here.wav
1558,1558here.wav
1559,1559here.wav
1560,1560here.wav
1561,1561here.wav
1562,1562here.wav
1563,1563here.wav
1564,1564here.wav
1565,1565here.wav
1566,1566here.wav
1567,1567here.wav
1568,1568here.wav
1569,1569here.wav
1570,1570here.wav
1571,1571here.wav
1572,1572here.wav
1573,1573here.wav
1574,1574here.wav
1575,1575here.wav
1576,1576here.wav
1577,1577here.wav
1578,1578here.wav
1579,1579here.wav
1580,1580here.wav
1581,1581here.wav
1582,1582here.wav
1583,1583here.wav
1584,1584here.wav
1585,1585here.wav
1586,1586here.wav
1587,1587here.wav
1588,1588here.wav
1589,1589here.wav
1590,1590here.wav
1591,1591here.wav
1592,1592here.wav
1593,1593here.wav
1594,1594here.wav
1595,1595here.wav
1596,1596here.wav
1597,1597here.wav
1598,1598here.wav
1599,1599here.wav
1600,1600here.wav
1601,1601here.wav
1602,1602here.wav
1603,1603here.wav
1604,1604here.wav
1605,1605here.wav
1606,1606here.wav
1607,1607here.wav
1608,1608here.wav
1609,1609here.wav
1610,1610here.wav
1611,1611here.wav
1612,1612here.wav
1613,1613here.wav
1614,1614here.wav
1615,1615here.wav
1616,1616here.wav
1617,1617here.wav
1618,1618here.wav
1619,1619here.wav
1620,1620here.wav
1621,1621here.wav
1622,1622here.wav
1623,1623here.wav
1624,1624here.wav
1625,1625here.wav
1626,1626here.wav
1627,1627here.wav
1628,1628here.wav
1629,1629here.wav
1630,1630here.wav
1631,1631here.wav
1632,1632here.wav
1633,1633here.wav
1634,1634here.wav
1635,1635here.wav
1636,1636here.wav
1637,1637here.wav
1638,1638here.wav
1639,1639here.wav
1640,1640here.wav
1641,1641here.wav
1642,1642here.wav
1643,1643here.wav
1644,1644here.wav
1645,1645here.wav
1646,1646here.wav
1647,1647here.wav
1648,1648here.wav
1649,1649here.wav
1650,1650here.wav
1651,1651here.wav
1652,1652here.wav
1653,1653here.wav
1654,1654here.wav
1655,1655here.wav
1656,1656here.wav
1657,1657here.wav
1658,1658here.wav
1659,1659here.wav
1660,1660here.wav
1661,1661here.wav
1662,1662here.wav
1663,1663here.wav
1664,1664here.wav
1665,1665here.wav
1666,1666here.wav
1667,1667here.wav
1668,1668here.wav
1669,1669here.wav
1670,1670here.wav
1671,1671here.wav
1672,1672here.wav
1673,1673here.wav
1674,1674here.wav
1675,1675here.wav
1676,1676here.wav
1677,1677here.wav
1678,1678here.wav
1679,1679here.wav
1680,1680here.wav
1681,1681here.wav
1682,1682here.wav
1683,1683here.wav
1684,1684here.wav
1685,1685here.wav
1686,1686here.wav
1687,1687here.wav
1688,1688here.wav
1689,1689here.wav
1690,1690here.wav
1691,1691here.wav
1692,1692here.wav
1693,1693here.wav
1694,1694here.wav
1695,1695here.wav
1696,1696here.wav
1697,1697here.wav
1698,1698here.wav
1699,1699here.wav
1700,1700here.wav
1701,1701here.wav
1702,1702here.wav
1703,1703here.wav
1704,1704here.wav
1705,1705here.wav
1706,1706here.wav
1707,1707here.wav
1708,1708here.wav
1709,1709here.wav
1710,1710here.wav
1711,1711here.wav
1712,1712here.wav
1713,1713here.wav
1714,1714here.wav
1715,1715here.wav
1716,1716here.wav
1717,1717here.wav
1718,1718here.wav
1719,1719here.wav
1720,1720here.wav
1721,1721here.wav
1722,1722here.wav
1723,1723here.wav
1724,1724here.wav
1725,1725here.wav
1726,1726here.wav
1727,1727here.wav
1728,1728here.wav
1729,1729here.wav
1730,1730here.wav
1731,1731here.wav
1732,1732here.wav
1733,1733here.wav
1734,1734here.wav
1735,1735here.wav
1736,1736here.wav
1737,1737here.wav
1738,1738here.wav
1739,1739here.wav
1740,1740here.wav
1741,1741here.wav
1742,1742here.wav
1743,1743here.wav
1744,1744here.wav
1745,1745here.wav
1746,1746here.wav
1747,1747here.wav
1748,1748here.wav
1749,1749here.wav
1750,1750here.wav
1751,1751here.wav
1752,1752here.wav
1753,1753here.wav
1754,1754here.wav
1755,1755here.wav
1756,1756here.wav
1757,1757here.wav
1758,1758here.wav
1759,1759here.wav
1760,1760here.wav
1761,1761here.wav
1762,1762here.wav
1763,1763here.wav
1764,1764here.wav
1765,1765here.wav
1766,1766here.wav
1767,1767here.wav
1768,1768here.wav
1769,1769here.wav
1770,1770here.wav
1771,1771here.wav
1772,1772here.wav
1773,1773here.wav
1774,1774here.wav
1775,1775here.wav
1776,1776here.wav
1777,1777here.wav
1778,1778here.wav
1779,1779here.wav
1780,1780here.wav
1781,1781here.wav
1782,1782here.wav
1783,1783here.wav
1784,1784here.wav
1785,1785here.wav
1786,1786here.wav
1787,1787here.wav
1788,1788here.wav
1789,1789here.wav
1790,1790here.wav
1791,1791here.wav
1792,1792here.wav
1793,1793here.wav
1794,1794here.wav
1795,1795here.wav
1796,1796here.wav
1797,1797here.wav
1798,1798here.wav
1799,1799here.wav
1800,1800here.wav
1801,1801here.wav
1802,1802here.wav
1803,1803here.wav
1804,1804here.wav
1805,1805here.wav
1806,1806here.wav
1807,1807here.wav
1808,1808here.wav
1809,1809here.wav
1810,1810here.wav
1811,1811here.wav
1812,1812here.wav
1813,1813here.wav
1814,1814here.wav
1815,1815here.wav
1816,1816here.wav
1817,1817here.wav
1818,1818here.wav
1819,1819here.wav
1820,1820here.wav
1821,1821here.wav
1822,1822here.wav
1823,1823here.wav
1824,1824here.wav
1825,1825here.wav
1826,1826here.wav
1827,1827here.wav
1828,1828here.wav
1829,1829here.wav
1830,1830here.wav
1831,1831here.wav
1832,1832here.wav
1833,1833here.wav
1834,1834here.wav
1835,1835here.wav
1836,1836here.wav
1837,1837here.wav
1838,1838here.wav
1839,1839here.wav
1840,1840here.wav
1841,1841here.wav
1842,1842here.wav
1843,1843here.wav
1844,1844here.wav
1845,1845here.wav
1846,1846here.wav
1847,1847here.wav
1848,1848here.wav
1849,1849here.wav
1850,1850here.wav
1851,1851here.wav
1852,1852here.wav
1853,1853here.wav
1854,1854here.wav
1855,1855here.wav
1856,1856here.wav
1857,1857here.wav
1858,1858here.wav
1859,1859here.wav
1860,1860here.wav
1861,1861here.wav
1862,1862here.wav
1863,1863here.wav
1864,1864here.wav
1865,1865here.wav
1866,1866here.wav
1867,1867here.wav
1868,1868here.wav
1869,1869here.wav
1870,1870here.wav
1871,1871here.wav
1872,1872here.wav
1873,1873here.wav
1874,1874here.wav
1875,1875here.wav
1876,1876here.wav
1877,1877here.wav
1878,1878here.wav
1879,1879here.wav
1880,1880here.wav
1881,1881here.wav
1882,1882here.wav
1883,1883here.wav
1884,1884here.wav
1885,1885here.wav
1886,1886here.wav
1887,1887here.wav
1888,1888here.wav
1889,1889here.wav
1890,1890here.wav
1891,1891here.wav
1892,1892here.wav
1893,1893here.wav
1894,1894here.wav
1895,1895here.wav
1896,1896here.wav
1897,1897here.wav
1898,1898here.wav
1899,1899here.wav
1900,1900here.wav
1901,1901here.wav
1902,1902here.wav
1903,1903here.wav
1904,1904here.wav
1905,1905here.wav
1906,1906here.wav
1907,1907here.wav
1908,1908here.wav
1909,1909here.wav
1910,1910here.wav
1911,1911here.wav
1912,1912here.wav
1913,1913here.wav
1914,1914here.wav
1915,1915here.wav
1916,1916here.wav
1917,1917here.wav
1918,1918here.wav
1919,1919here.wav
1920,1920here.wav
1921,1921here.wav
1922,1922here.wav
1923,1923here.wav
1924,1924here.wav
1925,1925here.wav
1926,1926here.wav
1927,1927here.wav
1928,1928here.wav
1929,1929here.wav
1930,1930here.wav
1931,1931here.wav
1932,1932here.wav
1933,1933here.wav
1934,1934here.wav
1935,1935here.wav
1936,1936here.wav
1937,1937here.wav
1938,1938here.wav
1939,1939here.wav
1940,1940here.wav
1941,1941here.wav
1942,1942here.wav
1943,1943here.wav
1944,1944here.wav
1945,1945here.wav
1946,1946here.wav
1947,1947here.wav
1948,1948here.wav
1949,1949here.wav
1950,1950here.wav
1951,1951here.wav
1952,1952here.wav
1953,1953here.wav
1954,1954here.wav
1955,1955here.wav
1956,1956here.wav
1957,1957here.wav
1958,1958here.wav
1959,1959here.wav
1960,1960here.wav
1961,1961here.wav
1962,1962here.wav
1963,1963here.wav
1964,1964here.wav
1965,1965here.wav
1966,1966here.wav
1967,1967here.wav
1968,1968here.wav
1969,1969here.wav
1970,1970here.wav
1971,1971here.wav
1972,1972here.wav
1973,1973here.wav
1974,1974here.wav
1975,1975here.wav
1976,1976here.wav
1977,1977here.wav
1978,1978here.wav
1979,1979here.wav
1980,1980here.wav
1981,1981here.wav
1982,1982here.wav
1983,1983here.wav
1984,1984here.wav
1985,1985here.wav
1986,1986here.wav
1987,1987here.wav
1988,1988here.wav
1989,1989here.wav
1990,1990here.wav
1991,1991here.wav
1992,1992here.wav
1993,1993here.wav
1994,1994here.wav
1995,1995here.wav
1996,1996here.wav
1997,1997here.wav
1998,1998here.wav
1999,1999here.wav
2000,2000here.wav
2001,2001here.wav
2002,2002here.wav
2003,2003here.wav
2004,2004here.wav
2005,2005here.wav
2006,2006here.wav
2007,2007here.wav
2008,2008here.wav
2009,2009here.wav
2010,2010here.wav
2011,2011here.wav
2012,2012here.wav
2013,2013here.wav
2014,2014here.wav
2015,2015here.wav
2016,2016here.wav
2017,2017here.wav
2018,2018here.wav
2019,2019here.wav
2020,2020here.wav
2021,2021here.wav
2022,2022here.wav
2023,2023here.wav
2024,2024here.wav
2025,2025here.wav
2026,2026here.wav
2027,2027here.wav
2028,2028here.wav
2029,2029here.wav
2030,2030here.wav
2031,2031here.wav
2032,2032here.wav
2033,2033here.wav
2034,2034here.wav
2035,2035here.wav
2036,2036here.wav
2037,2037here.wav
2038,2038here.wav
2039,2039here.wav
2040,2040here.wav
2041,2041here.wav
2042,2042here.wav
2043,2043here.wav
2044,2044here.wav
2045,2045here.wav
2046,2046here.wav
2047,2047here.wav
2048,2048here.wav
2049,2049here.wav
2050,2050here.wav
2051,2051here.wav
2052,2052here.wav
2053,2053here.wav
2054,2054here.wav
2055,2055here.wav
2056,2056here.wav
2057,2057here.wav
2058,2058here.wav
2059,2059here.wav
2060,2060here.wav
2061,2061here.wav
2062,2062here.wav
2063,2063here.wav
2064,2064here.wav
2065,2065here.wav
2066,2066here.wav
2067,2067here.wav
2068,2068here.wav
2069,2069here.wav
2070,2070here.wav
2071,2071here.wav
2072,2072here.wav
2073,2073here.wav
2074,2074here.wav
2075,2075here.wav
2076,2076here.wav
2077,2077here.wav
2078,2078here.wav
2079,2079here.wav
2080,2080here.wav
2081,2081here.wav
2082,2082here.wav
2083,2083here.wav
2084,2084here.wav
2085,2085here.wav
2086,2086here.wav
2087,2087here.wav
2088,2088here.wav
2089,2089here.wav
2090,2090here.wav
2091,2091here.wav
2092,2092here.wav
2093,2093here.wav
2094,2094here.wav
2095,2095here.wav
2096,2096here.wav
2097,2097here.wav
2098,2098here.wav
2099,2099here.wav
2100,2100here.wav
2101,2101here.wav
2102,2102here.wav
2103,2103here.wav
2104,2104here.wav
2105,2105here.wav
2106,2106here.wav
2107,2107here.wav
2108,2108here.wav
2109,2109here.wav
2110,2110here.wav
2111,2111here.wav
2112,2112here.wav
2113,2113here.wav
2114,2114here.wav
2115,2115here.wav
2116,2116here.wav
2117,2117here.wav
2118,2118here.wav
2119,2119here.wav
2120,2120here.wav
2121,2121here.wav
2122,2122here.wav
2123,2123here.wav
2124,2124here.wav
2125,2125here.wav
2126,2126here.wav
2127,2127here.wav
2128,2128here.wav
2129,2129here.wav
2130,2130here.wav
2131,2131here.wav
2132,2132here.wav
2133,2133here.wav
2134,2134here.wav
2135,2135here.wav
2136,2136here.wav
2137,2137here.wav
2138,2138here.wav
2139,2139here.wav
2140,2140here.wav
2141,2141here.wav
2142,2142here.wav
2143,2143here.wav
2144,2144here.wav
2145,2145here.wav
2146,2146here.wav
2147,2147here.wav
2148,2148here.wav
2149,2149here.wav
2150,2150here.wav
2151,2151here.wav
2152,2152here.wav
2153,2153here.wav
2154,2154here.wav
2155,2155here.wav
2156,2156here.wav
2157,2157here.wav
2158,2158here.wav
2159,2159here.wav
2160,2160here.wav
2161,2161here.wav
2162,2162here.wav
2163,2163here.wav
2164,2164here.wav
2165,2165here.wav
2166,2166here.wav
2167,2167here.wav
2168,2168here.wav
2169,2169here.wav
2170,2170here.wav
2171,2171here.wav
2172,2172here.wav
2173,2173here.wav
2174,2174here.wav
2175,2175here.wav
2176,2176here.wav
2177,2177here.wav
2178,2178here.wav
2179,2179here.wav
2180,2180here.wav
2181,2181here.wav
2182,2182here.wav
2183,2183here.wav
2184,2184here.wav
2185,2185here.wav
2186,2186here.wav
2187,2187here.wav
2188,2188here.wav
2189,2189here.wav
2190,2190here.wav
2191,2191here.wav
2192,2192here.wav
2193,2193here.wav
2194,2194here.wav
2195,2195here.wav
2196,2196here.wav
2197,2197here.wav
2198,2198here.wav
2199,2199here.wav
2200,2200here.wav
2201,2201here.wav
2202,2202here.wav
2203,2203here.wav
2204,2204here.wav
2205,2205here.wav
2206,2206here.wav
2207,2207here.wav
2208,2208here.wav
2209,2209here.wav
2210,2210here.wav
2211,2211here.wav
2212,2212here.wav
2213,2213here.wav
2214,2214here.wav
2215,2215here.wav
2216,2216here.wav
2217,2217here.wav
2218,2218here.wav
2219,2219here.wav
2220,2220here.wav
2221,2221here.wav
2222,2222here.wav
2223,2223here.wav
2224,2224here.wav
2225,2225here.wav
2226,2226here.wav
2227,2227here.wav
2228,2228here.wav
2229,2229here.wav
2230,2230here.wav
2231,2231here.wav
2232,2232here.wav
2233,2233here.wav
2234,2234here.wav
2235,2235here.wav
2236,2236here.wav
2237,2237here.wav
2238,2238here.wav
2239,2239here.wav
2240,2240here.wav
2241,2241here.wav
2242,2242here.wav
2243,2243here.wav
2244,2244here.wav
2245,2245here.wav
2246,2246here.wav
2247,2247here.wav
2248,2248here.wav
2249,2249here.wav
2250,2250here.wav
2251,2251here.wav
2252,2252here.wav
2253,2253here.wav
2254,2254here.wav
2255,2255here.wav
2256,2256here.wav
2257,2257here.wav
2258,2258here.wav
2259,2259here.wav
2260,2260here.wav
2261,2261here.wav
2262,2262here.wav
2263,2263here.wav
2264,2264here.wav
2265,2265here.wav
2266,2266here.wav
2267,2267here.wav
2268,2268here.wav
2269,2269here.wav
2270,2270here.wav
2271,2271here.wav
2272,2272here.wav
2273,2273here.wav
2274,2274here.wav
2275,2275here.wav
2276,2276here.wav
2277,2277here.wav
2278,2278here.wav
2279,2279here.wav
2280,2280here.wav
2281,2281here.wav
2282,2282here.wav
2283,2283here.wav
2284,2284here.wav
2285,2285here.wav
2286,2286here.wav
2287,2287here.wav
2288,2288here.wav
2289,2289here.wav
2290,2290here.wav
2291,2291here.wav
2292,2292here.wav
2293,2293here.wav
2294,2294here.wav
2295,2295here.wav
2296,2296here.wav
2297,2297here.wav
2298,2298here.wav
2299,2299here.wav
2300,2300here.wav
2301,2301here.wav
2302,2302here.wav
2303,2303here.wav
2304,2304here.wav
2305,2305here.wav
2306,2306here.wav
2307,2307here.wav
2308,2308here.wav
2309,2309here.wav
2310,2310here.wav
2311,2311here.wav
2312,2312here.wav
2313,2313here.wav
2314,2314here.wav
2315,2315here.wav
2316,2316here.wav
2317,2317here.wav
2318,2318here.wav
2319,2319here.wav
2320,2320here.wav
2321,2321here.wav
2322,2322here.wav
2323,2323here.wav
2324,2324here.wav
2325,2325here.wav
2326,2326here.wav
2327,2327here.wav
2328,2328here.wav
2329,2329here.wav
2330,2330here.wav
2331,2331here.wav
2332,2332here.wav
2333,2333here.wav
2334,2334here.wav
2335,2335here.wav
2336,2336here.wav
2337,2337here.wav
2338,2338here.wav
2339,2339here.wav
2340,2340here.wav
2341,2341here.wav
2342,2342here.wav
2343,2343here.wav
2344,2344here.wav
2345,2345here.wav
2346,2346here.wav
2347,2347here.wav
2348,2348here.wav
2349,2349here.wav
2350,2350here.wav
2351,2351here.wav
2352,2352here.wav
2353,2353here.wav
2354,2354here.wav
2355,2355here.wav
2356,2356here.wav
2357,2357here.wav
2358,2358here.wav
2359,2359here.wav
2360,2360here.wav
2361,2361here.wav
2362,2362here.wav
2363,2363here.wav
2364,2364here.wav
2365,2365here.wav
2366,2366here.wav
2367,2367here.wav
2368,2368here.wav
2369,2369here.wav
2370,2370here.wav
2371,2371here.wav
2372,2372here.wav
2373,2373here.wav
2374,2374here.wav
2375,2375here.wav
2376,2376here.wav
2377,2377here.wav
2378,2378here.wav
2379,2379here.wav
2380,2380here.wav
2381,2381here.wav
2382,2382here.wav
2383,2383here.wav
2384,2384here.wav
2385,2385here.wav
2386,2386here.wav
2387,2387here.wav
2388,2388here.wav
2389,2389here.wav
2390,2390here.wav
2391,2391here.wav
2392,2392here.wav
2393,2393here.wav
2394,2394here.wav
2395,2395here.wav
2396,2396here.wav
2397,2397here.wav
2398,2398here.wav
2399,2399here.wav
2400,2400here.wav
2401,2401here.wav
2402,2402here.wav
2403,2403here.wav
2404,2404here.wav
2405,2405here.wav
2406,2406here.wav
2407,2407here.wav
2408,2408here.wav
2409,2409here.wav
2410,2410here.wav
2411,2411here.wav
2412,2412here.wav
2413,2413here.wav
2414,2414here.wav
2415,2415here.wav
2416,2416here.wav
2417,2417here.wav
2418,2418here.wav
2419,2419here.wav
2420,2420here.wav
2421,2421here.wav
2422,2422here.wav
2423,2423here.wav
2424,2424here.wav
2425,2425here.wav
2426,2426here.wav
2427,2427here.wav
2428,2428here.wav
2429,2429here.wav
2430,2430here.wav
2431,2431here.wav
2432,2432here.wav
2433,2433here.wav
2434,2434here.wav
2435,2435here.wav
2436,2436here.wav
2437,2437here.wav
2438,2438here.wav
2439,2439here.wav
2440,2440here.wav
2441,2441here.wav
2442,2442here.wav
2443,2443here.wav
2444,2444here.wav
2445,2445here.wav
2446,2446here.wav
2447,2447here.wav
2448,2448here.wav
2449,2449here.wav
2450,2450here.wav
2451,2451here.wav
2452,2452here.wav
2453,2453here.wav
2454,2454here.wav
2455,2455here.wav
2456,2456here.wav
2457,2457here.wav
2458,2458here.wav
2459,2459here.wav
2460,2460here.wav
2461,2461here.wav
2462,2462here.wav
2463,2463here.wav
2464,2464here.wav
2465,2465here.wav
2466,2466here.wav
2467,2467here.wav
2468,2468here.wav
2469,2469here.wav
2470,2470here.wav
2471,2471here.wav
2472,2472here.wav
2473,2473here.wav
2474,2474here.wav
2475,2475here.wav
2476,2476here.wav
2477,2477here.wav
2478,2478here.wav
2479,2479here.wav
2480,2480here.wav
2481,2481here.wav
2482,2482here.wav
2483,2483here.wav
2484,2484here.wav
2485,2485here.wav
2486,2486here.wav
2487,2487here.wav
2488,2488here.wav
2489,2489here.wav
2490,2490here.wav
2491,2491here.wav
2492,2492here.wav
2493,2493here.wav
2494,2494here.wav
2495,2495here.wav
2496,2496here.wav
2497,2497here.wav
2498,2498here.wav
2499,2499here.wav
2500,2500here.wav
2501,2501here.wav
2502,2502here.wav
2503,2503here.wav
2504,2504here.wav
2505,2505here.wav
2506,2506here.wav
2507,2507here.wav
2508,2508here.wav
2509,2509here.wav
2510,2510here.wav
2511,2511here.wav
2512,2512here.wav
2513,2513here.wav
2514,2514here.wav
2515,2515here.wav
2516,2516here.wav
2517,2517here.wav
2518,2518here.wav
2519,2519here.wav
2520,2520here.wav
2521,2521here.wav
2522,2522here.wav
2523,2523here.wav
2524,2524here.wav
2525,2525here.wav
2526,2526here.wav
2527,2527here.wav
2528,2528here.wav
2529,2529here.wav
2530,2530here.wav
2531,2531here.wav
2532,2532here.wav
2533,2533here.wav
2534,2534here.wav
2535,2535here.wav
2536,2536here.wav
2537,2537here.wav
2538,2538here.wav
2539,2539here.wav
2540,2540here.wav
2541,2541here.wav
2542,2542here.wav
2543,2543here.wav
2544,2544here.wav
2545,2545here.wav
2546,2546here.wav
2547,2547here.wav
2548,2548here.wav
2549,2549here.wav
2550,2550here.wav
2551,2551here.wav
2552,2552here.wav
2553,2553here.wav
2554,2554here.wav
2555,2555here.wav
2556,2556here.wav
2557,2557here.wav
2558,2558here.wav
2559,2559here.wav
2560,2560here.wav
2561,2561here.wav
2562,2562here.wav
2563,2563here.wav
2564,2564here.wav
2565,2565here.wav
2566,2566here.wav
2567,2567here.wav
2568,2568here.wav
2569,2569here.wav
2570,2570here.wav
2571,2571here.wav
2572,2572here.wav
2573,2573here.wav
2574,2574here.wav
2575,2575here.wav
2576,2576here.wav
2577,2577here.wav
2578,2578here.wav
2579,2579here.wav
2580,2580here.wav
2581,2581here.wav
2582,2582here.wav
2583,2583here.wav
2584,2584here.wav
2585,2585here.wav
2586,2586here.wav
2587,2587here.wav
2588,2588here.wav
2589,2589here.wav
2590,2590here.wav
2591,2591here.wav
2592,2592here.wav
2593,2593here.wav
2594,2594here.wav
2595,2595here.wav
2596,2596here.wav
2597,2597here.wav
2598,2598here.wav
2599,2599here.wav
2600,2600here.wav
2601,2601here.wav
2602,2602here.wav
2603,2603here.wav
2604,2604here.wav
2605,2605here.wav
2606,2606here.wav
2607,2607here.wav
2608,2608here.wav
2609,2609here.wav
2610,2610here.wav
2611,2611here.wav
2612,2612here.wav
2613,2613here.wav
2614,2614here.wav
2615,2615here.wav
2616,2616here.wav
2617,2617here.wav
2618,2618here.wav
2619,2619here.wav
2620,2620here.wav
2621,2621here.wav
2622,2622here.wav
2623,2623here.wav
2624,2624here.wav
2625,2625here.wav
2626,2626here.wav
2627,2627here.wav
2628,2628here.wav
2629,2629here.wav
2630,2630here.wav
2631,2631here.wav
2632,2632here.wav
2633,2633here.wav
2634,2634here.wav
2635,2635here.wav
2636,2636here.wav
2637,2637here.wav
2638,2638here.wav
2639,2639here.wav
2640,2640here.wav
2641,2641here.wav
2642,2642here.wav
2643,2643here.wav
2644,2644here.wav
2645,2645here.wav
2646,2646here.wav
2647,2647here.wav
2648,2648here.wav
2649,2649here.wav
2650,2650here.wav
2651,2651here.wav
2652,2652here.wav
2653,2653here.wav
2654,2654here.wav
2655,2655here.wav